annotation_index,image_id,human_label,label_name
445,7034878,3,Scratch
513,7056316,2,Rim
137,7041337,3,Scratch
290,7044612,2,Rim
282,7049205,2,Rim
698,7075891,1,Other
809,7070036,2,Rim
830,7038226,3,Scratch
630,7071007,1,Other
529,7059041,2,Rim
685,7041117,0,Dent
883,7041118,2,Rim
619,7070810,0,Dent
526,7043481,0,Dent
79,7035057,3,Scratch
673,7039985,0,Dent
14,7075548,3,Scratch
389,7048603,2,Rim
452,7076154,0,Dent
331,7026511,3,Scratch
585,7065435,0,Dent
394,7055042,0,Dent
188,7027406,3,Scratch
777,7072928,0,Dent
231,7053309,3,Scratch
138,7044360,1,Other
287,7073168,3,Scratch
220,7070917,3,Scratch
475,7056192,0,Dent
802,7072086,0,Dent
338,7034754,3,Scratch
461,7060061,0,Dent
560,7060325,2,Rim
804,7071665,0,Dent
576,7070191,1,Other
189,7059539,3,Scratch
85,7053664,3,Scratch
54,7075255,3,Scratch
742,7074812,1,Other
377,7025392,1,Other
661,7048683,3,Scratch
679,7038325,3,Scratch
384,7052881,3,Scratch
699,7056624,3,Scratch
404,7058274,0,Dent
882,7038335,3,Scratch
21,7038438,3,Scratch
523,7044294,0,Dent
730,7043912,0,Dent
226,7051339,3,Scratch
801,7035840,2,Rim
172,7025546,0,Dent
426,7069599,3,Scratch
30,7065560,0,Dent
224,7072506,0,Dent
770,7059116,0,Dent
208,7032537,0,Dent
443,7025386,1,Other
467,7059090,2,Rim
134,7034548,3,Scratch
629,7071007,1,Other
284,7073856,3,Scratch
854,7031100,3,Scratch
216,7044891,0,Dent
124,7054613,3,Scratch
349,7070285,0,Dent
570,7058500,3,Scratch
42,7070672,3,Scratch
388,7071028,0,Dent
671,7058527,0,Dent
61,7063346,0,Dent
199,7034714,3,Scratch
91,7039896,0,Dent
35,7057746,3,Scratch
213,7058613,3,Scratch
476,7031863,3,Scratch
812,7070036,0,Dent
729,7068817,0,Dent
135,7034548,3,Scratch
109,7038349,3,Scratch
366,7056098,0,Dent
297,7072750,3,Scratch
191,7029225,3,Scratch
799,7025656,1,Other
644,7070774,0,Dent
887,7025866,1,Other
167,7040312,0,Dent
270,7071604,1,Other
56,7025641,3,Scratch
608,7068311,1,Other
502,7040139,0,Dent
237,7059119,0,Dent
83,7052811,0,Dent
873,7048595,1,Other
677,7072424,0,Dent
578,7025683,2,Rim
766,7031219,0,Dent
108,7031905,3,Scratch
229,7034925,3,Scratch
393,7066398,0,Dent
821,7063285,0,Dent
249,7064908,0,Dent
49,7044701,0,Dent
877,7047008,0,Dent
162,7031873,3,Scratch
217,7072200,3,Scratch
281,7030892,3,Scratch
401,7035233,0,Dent
200,7072447,3,Scratch
632,7069916,0,Dent
868,7044707,3,Scratch
477,7048678,3,Scratch
222,7070917,3,Scratch
822,7051081,3,Scratch
288,7054038,2,Rim
145,7071722,1,Other
836,7049108,3,Scratch
435,7043413,0,Dent
7,7046567,2,Rim
892,7044988,3,Scratch
316,7068667,2,Rim
833,7029059,3,Scratch
790,7040274,0,Dent
541,7027239,0,Dent
320,7048713,3,Scratch
98,7025512,1,Other
885,7045015,3,Scratch
336,7058130,3,Scratch
853,7031100,0,Dent
328,7040150,0,Dent
755,7059042,0,Dent
2,7073954,0,Dent
839,7026519,3,Scratch
89,7057752,1,Other
114,7069793,0,Dent
218,7072864,3,Scratch
357,7030703,0,Dent
846,7076289,0,Dent
624,7030656,1,Other
211,7074818,1,Other
545,7025566,3,Scratch
250,7035038,3,Scratch
255,7040344,0,Dent
759,7031332,3,Scratch
68,7075038,0,Dent
150,7064241,1,Other
144,7071722,1,Other
156,7070705,1,Other
176,7035097,3,Scratch
74,7049171,1,Other
457,7027450,3,Scratch
348,7070285,3,Scratch
595,7052102,3,Scratch
546,7025566,1,Other
405,7070386,0,Dent
253,7071864,0,Dent
53,7027784,3,Scratch
762,7029264,3,Scratch
559,7060088,1,Other
373,7070121,0,Dent
568,7040112,0,Dent
743,7074812,1,Other
266,7058629,0,Dent
43,7062009,2,Rim
219,7072864,3,Scratch
314,7049043,0,Dent
483,7026440,0,Dent
499,7068641,3,Scratch
129,7038293,3,Scratch
354,7070745,0,Dent
732,7071610,1,Other
326,7067644,3,Scratch
841,7026519,3,Scratch
163,7068757,0,Dent
136,7035064,3,Scratch
122,7074046,2,Rim
311,7037733,3,Scratch
866,7027363,3,Scratch
527,7032143,0,Dent
264,7030895,3,Scratch
482,7026440,0,Dent
104,7073816,3,Scratch
806,7070370,3,Scratch
813,7070036,0,Dent
97,7067002,3,Scratch
779,7031782,3,Scratch
47,7036076,0,Dent
72,7049171,3,Scratch
773,7074781,0,Dent
173,7059708,3,Scratch
818,7069828,3,Scratch
360,7026458,3,Scratch
212,7073124,3,Scratch
791,7031845,1,Other
431,7040995,3,Scratch
566,7070891,0,Dent
825,7058003,3,Scratch
781,7053338,3,Scratch
106,7070487,1,Other
252,7058255,0,Dent
485,7026542,0,Dent
542,7034560,0,Dent
93,7070717,1,Other
599,7070007,0,Dent
318,7055118,0,Dent
193,7038267,3,Scratch
75,7051604,0,Dent
286,7039990,0,Dent
815,7051713,0,Dent
160,7025650,0,Dent
618,7070810,0,Dent
27,7041045,0,Dent
305,7038383,0,Dent
327,7044101,0,Dent
434,7058205,0,Dent
736,7069823,0,Dent
177,7029322,3,Scratch
655,7055080,1,Other
432,7071261,1,Other
508,7070814,0,Dent
374,7025576,1,Other
245,7050345,3,Scratch
356,7030703,0,Dent
151,7038269,3,Scratch
121,7074046,3,Scratch
235,7031757,3,Scratch
103,7052805,3,Scratch
864,7058518,3,Scratch
849,7051295,3,Scratch
178,7034958,3,Scratch
130,7071064,2,Rim
352,7072476,3,Scratch
543,7034560,3,Scratch
819,7048961,0,Dent
185,7046701,3,Scratch
60,7062405,0,Dent
319,7048713,3,Scratch
580,7051464,0,Dent
4,7062766,0,Dent
627,7071007,3,Scratch
210,7052318,0,Dent
867,7061194,0,Dent
23,7034734,0,Dent
37,7040267,0,Dent
55,7025641,1,Other
6,7031758,3,Scratch
512,7034794,3,Scratch
858,7058444,1,Other
789,7040017,0,Dent
753,7027288,3,Scratch
171,7044693,0,Dent
268,7072082,1,Other
204,7031131,3,Scratch
419,7026385,3,Scratch
835,7044848,0,Dent
340,7068654,0,Dent
69,7058622,1,Other
837,7071907,3,Scratch
769,7069811,0,Dent
315,7068667,0,Dent
871,7038471,3,Scratch
473,7072891,1,Other
823,7030874,0,Dent
94,7070717,1,Other
10,7046596,2,Rim
25,7056390,3,Scratch
428,7040011,0,Dent
291,7071738,3,Scratch
63,7048995,3,Scratch
504,7062329,2,Rim
3,7074070,3,Scratch
658,7073495,2,Rim
95,7070717,1,Other
396,7064789,0,Dent
721,7038439,3,Scratch
359,7026458,0,Dent
57,7073374,3,Scratch
1,7073954,1,Other
430,7071297,0,Dent
325,7069246,3,Scratch
41,7026447,3,Scratch
225,7072506,0,Dent
370,7054203,3,Scratch
816,7072300,1,Other
637,7068864,3,Scratch
8,7060786,0,Dent
184,7050361,2,Rim
71,7038423,3,Scratch
706,7061783,0,Dent
147,7048634,0,Dent
788,7031626,3,Scratch
562,7073285,3,Scratch
100,7046737,2,Rim
82,7028955,3,Scratch
548,7044748,3,Scratch
